timestamp,pupil_left,pupil_right,validity_left,validity_right,event
9380030.683,3.67407,3.36801,0,0,gray
9380047.35,3.68016,3.37337,0,0,gray
9380064.016,3.6813,3.37534,0,0,gray
9380080.683,3.68109,3.37698,0,0,gray
9380097.35,3.68503,3.37747,0,0,gray
9380114.016,3.68835,3.38335,0,0,gray
9380130.683,3.69081,3.38309,0,0,gray
9380147.35,3.69434,3.38432,0,0,gray
9380164.016,3.6946,3.38936,0,0,gray
9380180.683,3.69395,3.38402,0,0,gray
9380197.35,3.69247,3.38528,0,0,gray
9380214.016,3.69632,3.38647,0,0,gray
9380230.683,3.69574,3.3858,0,0,gray
9380247.35,3.69603,3.38681,0,0,gray
9380264.016,3.69263,3.38597,0,0,gray
9380280.683,3.69814,3.38774,0,0,gray
9380297.35,3.7005,3.38876,0,0,gray
9380314.016,3.69624,3.38974,0,0,gray
9380330.683,3.69948,3.38808,0,0,gray
9380347.35,3.70221,3.38779,0,0,gray
9380364.016,3.70467,3.39322,0,0,gray
9380380.683,3.70442,3.39647,0,0,gray
9380397.35,3.7122,3.39716,0,0,gray
9380414.016,3.71422,3.39961,0,0,gray
9380430.683,3.724,3.39877,0,0,gray
9380447.35,3.72633,3.40179,0,0,gray
9380464.016,3.73317,3.40921,0,0,gray
9380480.683,3.74068,3.41385,0,0,gray
9380497.35,3.74724,3.41678,0,0,gray
9380514.016,3.75645,3.42453,0,0,gray
9380530.683,3.76266,3.43027,0,0,gray
9380547.35,3.77437,3.43147,0,0,gray
9380564.016,3.78745,3.4419400000000002,0,0,gray
9380580.683,3.79991,3.4538,0,0,gray
9380597.35,3.81465,3.46205,0,0,gray
9380614.016,3.82028,3.46638,0,0,gray
9380630.683,3.83321,3.48112,0,0,gray
9380647.35,3.84319,3.48531,0,0,gray
9380664.016,3.85725,3.49165,0,0,gray
9380680.683,3.86746,3.50195,0,0,gray
9380697.35,3.87665,3.50417,0,0,gray
9380714.016,3.88982,3.51543,0,0,gray
9380730.683,3.90085,3.52753,0,0,gray
9380747.35,3.9136,3.52806,0,0,gray
9380764.016,3.92267,3.53877,0,0,gray
9380780.683,3.93236,3.54189,0,0,gray
9380797.35,3.94536,3.55334,0,0,gray
9380814.016,3.94987,3.55553,0,0,gray
9380830.683,3.96024,3.56367,0,0,gray
9380847.35,3.96967,3.56822,0,0,gray
9380864.016,3.97719,3.57487,0,0,gray
9380880.683,3.98404,3.58472,0,0,gray
9380897.35,3.99641,3.58839,0,0,gray
9380914.016,3.99716,3.59128,0,0,gray
9380930.683,4.00359,3.59593,0,0,gray
9380947.35,4.01404,3.61247,0,0,gray
9380964.016,4.02144,3.61229,0,0,gray
9380980.683,4.026,3.62204,0,0,gray
9380997.35,4.03061,3.62796,0,0,gray
9381014.016,4.0405,3.62521,0,0,gray
9381030.683,4.0508,3.62822,0,0,gray
9381047.35,4.04819,3.62798,0,0,gray
9381064.016,4.05197,3.63588,0,0,gray
9381080.683,4.05592,3.64021,0,0,gray
9381097.35,4.05663,3.64149,0,0,gray
9381114.016,4.05951,3.64407,0,0,gray
9381130.683,4.06958,3.64102,0,0,gray
9381147.35,4.06819,3.64728,0,0,gray
9381164.016,4.07372,3.64828,0,0,gray
9381180.683,4.07614,3.65112,0,0,gray
9381197.35,4.07623,3.65604,0,0,gray
9381214.016,4.08138,3.65718,0,0,gray
9381230.683,4.08418,3.658,0,0,gray
9381247.35,4.08784,3.65675,0,0,gray
9381264.016,4.09676,3.6615,0,0,gray
9381280.683,4.0993,3.66457,0,0,gray
9381297.35,4.10185,3.66451,0,0,gray
9381314.016,4.104,3.66794,0,0,gray
9381330.683,4.10487,3.66777,0,0,gray
9381347.35,4.11104,3.67046,0,0,gray
9381364.016,4.10912,3.67169,0,0,gray
9381380.683,4.11284,3.6716,0,0,gray
9381397.35,4.10507,3.67671,0,0,gray
9381414.016,4.10432,3.67836,0,0,gray
9381430.683,4.10614,3.68152,0,0,gray
9381447.35,4.11043,3.67897,0,0,gray
9381464.016,4.10962,3.68118,0,0,gray
9381480.683,4.11548,3.68404,0,0,gray
9381497.35,4.11064,3.69,0,0,gray
9381514.016,4.10992,3.69307,0,0,gray
9381530.683,4.1153,3.69402,0,0,gray
9381547.35,4.10901,3.69302,0,0,gray
9381564.016,4.11404,3.69339,0,0,gray
9381580.683,4.11217,3.69095,0,0,gray
9381597.35,4.11569,3.6981,0,0,gray
9381614.016,4.11478,3.69983,0,0,gray
9381630.683,4.11507,3.69797,0,0,gray
9381647.35,4.11082,3.70512,0,0,gray
9381664.016,4.11159,3.70134,0,0,gray
9381680.683,4.11394,3.70247,0,0,gray
9381697.35,4.11308,3.70532,0,0,gray
9381714.016,4.11365,3.70425,0,0,gray
9381730.683,4.10843,3.70442,0,0,gray
9381747.35,4.11058,3.70213,0,0,gray
9381764.016,4.11353,3.70731,0,0,gray
9381780.683,4.10959,3.70575,0,0,gray
9381797.35,4.11501,3.69788,0,0,gray
9381814.016,4.10345,3.70912,0,0,gray
9381830.683,4.11484,3.71135,0,0,gray
9381847.35,4.11873,3.70528,0,0,gray
9381864.016,4.11038,3.71016,0,0,gray
9381880.683,4.10733,3.7074,0,0,gray
9381897.35,4.11275,3.70924,0,0,gray
9381914.016,4.11873,3.711,0,0,gray
9381930.683,4.12207,3.71201,0,0,gray
9381947.35,4.12187,3.7113,0,0,gray
9381964.016,4.10962,3.71239,0,0,gray
9381980.683,4.10811,3.7132,0,0,gray
9381997.35,4.11241,3.71422,0,0,gray
9382014.016,4.11227,3.7083,0,0,gray
9382030.683,4.10951,3.71494,0,0,gray
9382047.35,4.10686,3.7113,0,0,gray
9382064.016,4.10835,3.71387,0,0,picture
9382080.683,4.10265,3.71385,0,0,picture
9382097.35,4.10338,3.70815,0,0,picture
9382114.016,4.11404,3.71669,0,0,picture
9382130.683,4.11276,3.71759,0,0,picture
9382147.35,4.11334,3.71198,0,0,picture
9382164.016,4.10541,3.71721,0,0,picture
9382180.683,4.10484,3.71658,0,0,picture
9382197.35,4.10463,3.71727,0,0,picture
9382214.016,4.11453,3.7122,0,0,picture
9382230.683,4.11482,3.714,0,0,picture
9382247.35,4.114,3.71867,0,0,picture
9382264.016,4.11304,3.71303,0,0,picture
9382280.683,4.11943,3.71817,0,0,picture
9382297.35,4.12267,3.71959,0,0,picture
9382314.016,4.12186,3.71257,0,0,picture
9382330.683,4.13115,3.71999,0,0,picture
9382347.35,4.13132,3.71362,0,0,picture
9382364.016,4.14037,3.71515,0,0,picture
9382380.683,4.14294,3.71587,0,0,picture
9382397.35,4.15302,3.71985,0,0,picture
9382414.016,4.1537,3.71599,0,0,picture
9382430.683,4.1619,3.71722,0,0,picture
9382447.35,4.17049,3.71309,0,0,picture
9382464.016,4.16377,3.71513,0,0,picture
9382480.683,4.16695,3.71274,0,0,picture
9382497.35,4.17418,3.71436,0,0,picture
9382514.016,4.17085,3.71388,0,0,picture
9382530.683,4.17998,3.71741,0,0,picture
9382547.35,4.18098,3.71858,0,0,picture
9382564.016,4.1922,3.71889,0,0,picture
9382580.683,4.19159,3.72917,0,0,picture
9382597.35,4.20308,3.73288,0,0,picture
9382614.016,4.20636,3.73895,0,0,picture
9382630.683,4.21721,3.74516,0,0,picture
9382647.35,4.22116,3.74545,0,0,picture
9382664.016,4.23383,3.75742,0,0,picture
9382680.683,4.2438,3.76608,0,0,picture
9382697.35,4.25397,3.77232,0,0,picture
9382714.016,4.26421,3.78307,0,0,picture
9382730.683,4.27959,3.79527,0,0,picture
9382747.35,4.29152,3.80489,0,0,picture
9382764.016,4.30165,3.814,0,0,picture
9382780.683,4.31555,3.82153,0,0,picture
9382797.35,4.32513,3.83681,0,0,picture
9382814.016,4.33745,3.85159,0,0,picture
9382830.683,4.35291,3.8595,0,0,picture
9382847.35,4.36389,3.86949,0,0,picture
9382864.016,4.37773,3.88338,0,0,picture
9382880.683,4.38863,3.89478,0,0,picture
9382897.35,4.40202,3.90643,0,0,picture
9382914.016,4.41432,3.91943,0,0,picture
9382930.683,4.4315,3.93124,0,0,picture
9382947.35,4.4404,3.94362,0,0,picture
9382964.016,4.45653,3.94632,0,0,picture
9382980.683,4.4664,3.96181,0,0,picture
9382997.35,4.47891,3.97652,0,0,picture
9383014.016,4.49367,3.97017,0,0,picture
9383030.683,4.50789,3.99249,0,0,picture
9383047.35,4.52454,4.00414,0,0,picture
9383064.016,4.53334,4.01843,0,0,picture
9383080.683,4.54587,4.02936,0,0,picture
9383097.35,4.55885,4.04108,0,0,picture
9383114.016,4.57181,4.05183,0,0,picture
9383130.683,4.58589,4.06586,0,0,picture
9383147.35,4.60289,4.07014,0,0,picture
9383164.016,4.61356,4.08858,0,0,picture
9383180.683,4.62534,4.09572,0,0,picture
9383197.35,4.63983,4.112,0,0,picture
9383214.016,4.65422,4.11235,0,0,picture
9383230.683,4.66512,4.12674,0,0,picture
9383247.35,4.67709,4.13695,0,0,picture
9383264.016,4.69142,4.14935,0,0,picture
9383280.683,4.70247,4.1658,0,0,picture
9383297.35,4.71736,4.16972,0,0,picture
9383314.016,4.72937,4.18771,0,0,picture
9383330.683,4.74045,4.19406,0,0,picture
9383347.35,4.75433,4.20668,0,0,picture
9383364.016,4.76662,4.21793,0,0,picture
9383380.683,4.77902,4.22954,0,0,picture
9383397.35,4.7932,4.2399,0,0,picture
9383414.016,4.80305,4.25444,0,0,picture
9383430.683,4.81499,4.26436,0,0,picture
9383447.35,4.82559,4.27728,0,0,picture
9383464.016,4.83748,4.29218,0,0,picture
9383480.683,4.84758,4.3015,0,0,picture
9383497.35,4.8385,4.31728,0,0,picture
9383514.016,-1,4.24498,4,0,picture
9383530.682714285,-1,-1,4,4,picture
9383547.349428572,-1,-1,4,4,picture
9383564.016142856,-1,-1,4,4,picture
9383580.682857143,-1,-1,4,4,picture
9383597.34957143,-1,-1,4,4,picture
9383614.016285716,-1,-1,4,4,picture
9383630.683,4.99251,4.19681,0,0,picture
9383647.35,4.79276,4.41183,0,0,picture
9383664.016,4.78143,4.42752,0,0,picture
9383680.683,4.93581,4.43842,0,0,picture
9383697.35,4.96158,4.44771,0,0,picture
9383714.016,4.96843,4.45685,0,0,picture
9383730.683,4.97212,4.46651,0,0,picture
9383747.35,4.97823,4.47583,0,0,picture
9383764.016,4.98216,4.48415,0,0,picture
9383780.683,4.99165,4.49413,0,0,picture
9383797.35,4.9989,4.50345,0,0,picture
9383814.016,5.00482,4.51065,0,0,picture
9383830.683,5.01256,4.52086,0,0,picture
9383847.35,5.01593,4.53001,0,0,picture
9383864.016,5.02704,4.54015,0,0,picture
9383880.683,5.03073,4.54825,0,0,picture
9383897.35,5.04041,4.55998,0,0,picture
9383914.016,5.0455,4.56662,0,0,picture
9383930.683,5.05211,4.57742,0,0,picture
9383947.35,5.05902,4.58568,0,0,picture
9383964.016,5.06837,4.59421,0,0,picture
9383980.683,5.07388,4.6026300000000004,0,0,picture
9383997.35,5.08034,4.62183,0,0,picture
9384014.016,5.08879,4.62202,0,0,picture
9384030.683,5.0939,4.62935,0,0,picture
9384047.35,5.10144,4.63687,0,0,picture
9384064.016,5.10358,4.64589,0,0,picture
9384080.683,5.10957,4.65172,0,0,picture
9384097.35,5.11572,4.66148,0,0,picture
9384114.016,5.12204,4.66652,0,0,picture
9384130.683,5.12897,4.67587,0,0,picture
9384147.35,5.13342,4.67975,0,0,picture
9384164.016,5.13908,4.68867,0,0,picture
9384180.683,5.14395,4.69431,0,0,picture
9384197.35,5.14616,4.70425,0,0,picture
9384214.016,5.14687,4.70461,0,0,picture
9384230.683,5.15501,4.711,0,0,picture
9384247.35,5.15627,4.71866,0,0,picture
9384264.016,5.15714,4.72086,0,0,picture
9384280.683,5.1586,4.72697,0,0,picture
9384297.35,5.17319,4.73152,0,0,picture
9384314.016,5.16078,4.73549,0,0,picture
9384330.683,5.16032,4.73947,0,0,picture
9384347.35,5.16206,4.74405,0,0,picture
9384364.016,5.1705,4.74968,0,0,picture
9384380.683,5.16037,4.74908,0,0,picture
9384397.35,5.1624,4.75319,0,0,picture
9384414.016,5.15765,4.75369,0,0,picture
9384430.683,5.15849,4.7562,0,0,picture
9384447.35,5.1555,4.7561,0,0,picture
9384464.016,5.15598,4.75841,0,0,picture
9384480.683,5.15347,4.75851,0,0,picture
9384497.35,5.15155,4.75764,0,0,picture
9384514.016,5.14726,4.7583,0,0,picture
9384530.683,5.14764,4.75912,0,0,picture
9384547.35,5.14316,4.75952,0,0,picture
9384564.016,5.14294,4.75841,0,0,picture
9384580.683,5.13852,4.75735,0,0,picture
9384597.35,5.13933,4.75761,0,0,picture
9384614.016,5.13582,4.75667,0,0,picture
9384630.683,5.1367,4.75836,0,0,picture
9384647.35,5.13354,4.75609,0,0,picture
9384664.016,5.13499,4.757,0,0,picture
9384680.683,5.13235,4.75597,0,0,picture
9384697.35,5.13191,4.75633,0,0,picture
9384714.016,5.13016,4.75746,0,0,picture
9384730.683,5.12889,4.75606,0,0,picture
9384747.35,5.13051,4.75327,0,0,picture
9384764.016,5.1295,4.75293,0,0,picture
9384780.683,5.12943,4.75327,0,0,picture
9384797.35,5.13123,4.75261,0,0,picture
9384814.016,5.1306,4.75319,0,0,picture
9384830.683,5.13185,4.75539,0,0,picture
9384847.35,5.13167,4.75516,0,0,picture
9384864.016,5.13704,4.75543,0,0,picture
9384880.683,5.13675,4.75798,0,0,picture
9384897.35,5.13911,4.757,0,0,picture
9384914.016,5.14233,4.75641,0,0,picture
9384930.683,5.14375,4.76042,0,0,picture
9384947.35,5.1468,4.75801,0,0,picture
9384964.016,5.14998,4.76149,0,0,picture
9384980.683,5.15277,4.76343,0,0,picture
9384997.35,5.15553,4.76678,0,0,picture
9385014.016,5.15677,4.767,0,0,picture
9385030.683,5.16206,4.76797,0,0,picture
9385047.35,5.1633,4.76996,0,0,picture
9385064.016,5.16658,4.77193,0,0,picture
9385080.683,5.1667,4.77295,0,0,picture
9385097.35,5.17116,4.77496,0,0,picture
9385114.016,5.17415,4.77762,0,0,picture
9385130.683,5.17888,4.78069,0,0,picture
9385147.35,5.18005,4.78265,0,0,picture
9385164.016,5.18231,4.78571,0,0,picture
9385180.683,5.18523,4.78693,0,0,picture
9385197.35,5.18811,4.78943,0,0,picture
9385214.016,5.18845,4.79044,0,0,picture
9385230.683,5.19197,4.7961,0,0,picture
9385247.35,5.19691,4.79648,0,0,picture
9385264.016,5.20151,4.79782,0,0,picture
9385280.683,5.20189,4.80014,0,0,picture
9385297.35,5.20323,4.8024,0,0,picture
9385314.016,5.20546,4.80479,0,0,picture
9385330.683,5.2088,4.8071,0,0,picture
9385347.35,5.21078,4.80817,0,0,picture
9385364.016,5.21422,4.80878,0,0,picture
9385380.683,5.21878,4.81277,0,0,picture
9385397.35,5.22202,4.81401,0,0,picture
9385414.016,5.22307,4.8156,0,0,picture
9385430.683,5.22652,4.82051,0,0,picture
9385447.35,5.22661,4.82173,0,0,picture
9385464.016,5.22935,4.82481,0,0,picture
9385480.683,5.23032,4.82292,0,0,picture
9385497.35,5.23413,4.82545,0,0,picture
9385514.016,5.23495,4.82758,0,0,picture
9385530.683,5.23825,4.82719,0,0,picture
9385547.35,5.24063,4.82932,0,0,picture
9385564.016,5.244,4.82922,0,0,picture
9385580.683,5.24509,4.83134,0,0,picture
9385597.35,5.24979,4.83395,0,0,picture
9385614.016,5.25208,4.83743,0,0,picture
9385630.683,5.25572,4.84048,0,0,picture
9385647.35,5.258,4.84222,0,0,picture
9385664.016,5.26184,4.84637,0,0,picture
9385680.683,5.26225,4.84535,0,0,picture
9385697.35,5.26678,4.84973,0,0,picture
9385714.016,5.12869,4.85576,0,0,picture
9385730.683,-1,4.82584,4,0,picture
9385747.349625,-1,-1,4,4,picture
9385764.01625,-1,-1,4,4,picture
9385780.682875,-1,-1,4,4,picture
9385797.3495,-1,-1,4,4,picture
9385814.016125,-1,-1,4,4,picture
9385830.68275,-1,-1,4,4,picture
9385847.349375,-1,-1,4,4,picture
9385864.016,5.16615,4.69933,0,0,picture
9385880.683,5.12083,4.73119,0,0,picture
9385897.35,5.22751,4.69318,0,0,picture
9385914.016,-1,4.745,4,0,picture
9385930.683,5.1006,4.80878,0,0,picture
9385947.35,5.17763,4.85332,0,0,picture
9385964.016,5.23009,4.87079,0,0,picture
9385980.683,5.26662,4.87183,0,0,picture
9385997.35,5.28175,4.87341,0,0,picture
9386014.016,5.28828,4.87474,0,0,picture
9386030.683,5.29169,4.87706,0,0,picture
9386047.35,5.29419,4.88083,0,0,picture
9386064.016,5.29662,4.88556,0,0,picture
9386080.683,5.29733,4.8891,0,0,picture
9386097.35,5.2971,4.8878,0,0,picture
9386114.016,5.29947,4.89076,0,0,picture
9386130.683,5.30244,4.89404,0,0,picture
9386147.35,5.30151,4.89816,0,0,picture
9386164.016,5.30405,4.90067,0,0,picture
9386180.683,5.32451,4.90063,0,0,picture
9386197.35,5.30528,4.90474,0,0,picture
9386214.016,5.30945,4.90509,0,0,picture
9386230.683,5.34328,4.93973,0,0,picture
9386247.35,5.34102,4.93773,0,0,picture
9386264.016,5.3165,4.92461,0,0,picture
9386280.683,5.32149,4.92659,0,0,picture
9386297.35,5.32906,4.93343,0,0,picture
9386314.016,5.33032,4.93661,0,0,picture
9386330.683,5.33424,4.94159,0,0,picture
9386347.35,5.33647,4.94374,0,0,picture
9386364.016,5.34122,4.94867,0,0,picture
9386380.683,5.34134,4.94948,0,0,picture
9386397.35,5.34344,4.95384,0,0,picture
9386414.016,5.34538,4.9567,0,0,picture
9386430.683,5.34621,4.9561,0,0,picture
9386447.35,5.34631,4.95717,0,0,picture
9386464.016,5.34732,4.95764,0,0,picture
9386480.683,5.34842,4.95871,0,0,picture
9386497.35,5.35023,4.95934,0,0,picture
9386514.016,5.3501,4.96248,0,0,picture
9386530.683,5.34885,4.96402,0,0,picture
9386547.35,5.34932,4.966,0,0,picture
9386564.016,5.34845,4.96657,0,0,picture
9386580.683,5.34703,4.96376,0,0,picture
9386597.35,5.34888,4.96259,0,0,picture
9386614.016,5.34564,4.96434,0,0,picture
9386630.683,5.34421,4.96422,0,0,picture
9386647.35,5.34428,4.96458,0,0,picture
9386664.016,5.34186,4.96449,0,0,picture
9386680.683,5.34221,4.96301,0,0,picture
9386697.35,5.34518,4.96584,0,0,picture
9386714.016,5.34383,4.96176,0,0,picture
9386730.683,5.34534,4.9635,0,0,picture
9386747.35,5.34213,4.96414,0,0,picture
9386764.016,5.3441,4.96312,0,0,picture
9386780.683,5.34453,4.96347,0,0,picture
9386797.35,5.34569,4.96269,0,0,picture
9386814.016,5.34842,4.96278,0,0,picture
9386830.683,5.35139,4.96432,0,0,picture
9386847.35,5.35306,4.96498,0,0,picture
9386864.016,5.35847,4.96991,0,0,picture
9386880.683,5.35973,4.9709,0,0,picture
9386897.35,5.36607,4.97475,0,0,picture
9386914.016,5.36932,4.9729,0,0,picture
9386930.683,5.37503,4.97734,0,0,picture
9386947.35,5.37906,4.97798,0,0,picture
9386964.016,5.38724,4.98051,0,0,picture
9386980.683,5.39032,4.98499,0,0,picture
9386997.35,5.39549,4.99123,0,0,picture
9387014.016,5.40297,4.99434,0,0,picture
9387030.683,5.4075,4.99977,0,0,picture
9387047.35,5.41389,5.00166,0,0,picture
9387064.016,5.48129,5.02773,0,0,picture
9387080.683,5.43335,4.98326,0,0,picture
9387097.35,5.43825,4.96576,0,0,picture
9387114.02078125,-1,-1,4,4,picture
9387130.6915625,-1,-1,4,4,picture
9387147.36234375,-1,-1,4,4,picture
9387164.033125,-1,-1,4,4,picture
9387180.70390625,-1,-1,4,4,picture
9387197.3746875,-1,-1,4,4,picture
9387214.04546875,-1,-1,4,4,picture
9387230.71625,-1,-1,4,4,picture
9387247.38703125,-1,-1,4,4,picture
9387264.0578125,-1,-1,4,4,picture
9387280.72859375,-1,-1,4,4,picture
9387297.399375,-1,-1,4,4,picture
9387314.07015625,-1,-1,4,4,picture
9387330.7409375,-1,-1,4,4,picture
9387347.41171875,-1,-1,4,4,picture
9387364.0825,-1,-1,4,4,picture
9387380.75328125,-1,-1,4,4,picture
9387397.4240625,-1,-1,4,4,picture
9387414.09484375,-1,-1,4,4,picture
9387430.765625,-1,-1,4,4,picture
9387447.43640625,-1,-1,4,4,picture
9387464.1071875,-1,-1,4,4,picture
9387480.77796875,-1,-1,4,4,picture
9387497.44875,-1,-1,4,4,picture
9387514.11953125,-1,-1,4,4,picture
9387530.7903125,-1,-1,4,4,picture
9387547.46109375,-1,-1,4,4,picture
9387564.131875,-1,-1,4,4,picture
9387580.80265625,-1,-1,4,4,picture
9387597.4734375,-1,-1,4,4,picture
9387614.14421875,-1,-1,4,4,picture
9387630.815,5.53352,5.08817,0,0,picture
9387647.481,5.53291,5.08194,0,0,picture
9387664.147,5.52983,5.07652,0,0,picture
9387680.814,5.5249,5.06134,0,0,picture
9387697.481,5.50989,5.05212,0,0,picture
9387714.147,5.49182,5.02725,0,0,picture
9387730.814,5.46632,4.98871,0,0,picture
9387747.481,5.43585,4.95343,0,0,picture
9387764.147,5.39799,4.91588,0,0,picture
9387780.814,5.37297,4.89224,0,0,picture
9387797.481,5.31033,4.83447,0,0,picture
9387814.147,5.26926,4.79164,0,0,picture
9387830.814,5.22385,4.74532,0,0,picture
9387847.481,5.17018,4.69292,0,0,picture
9387864.147,5.12463,4.64665,0,0,picture
9387880.814,5.07472,4.59515,0,0,picture
9387897.481,5.02615,4.54649,0,0,picture
9387914.147,4.9776,4.49992,0,0,picture
9387930.814,4.92975,4.45142,0,0,picture
9387947.481,4.88533,4.40613,0,0,picture
9387964.147,4.84003,4.36272,0,0,picture
9387980.814,4.7995,4.32509,0,0,picture
9387997.481,4.74683,4.2773,0,0,white
9388014.147,4.7068,4.23679,0,0,white
9388030.814,4.67049,4.19644,0,0,white
9388047.481,4.62875,4.1586,0,0,white
9388064.147,4.59341,4.12595,0,0,white
9388080.814,4.55518,4.10091,0,0,white
9388097.481,4.52405,4.07362,0,0,white
9388114.147,4.49074,4.03867,0,0,white
9388130.814,4.4593,4.0132,0,0,white
9388147.481,4.43039,3.98915,0,0,white
9388164.147,4.39963,3.96707,0,0,white
9388180.814,4.38966,3.94073,0,0,white
9388197.481,4.368,3.90997,0,0,white
9388214.147,4.3365,3.88477,0,0,white
9388230.814,4.31631,3.8703,0,0,white
9388247.481,4.29721,3.85081,0,0,white
9388264.147,4.27548,3.83173,0,0,white
9388280.814,4.25957,3.82166,0,0,white
9388297.481,4.24036,3.80032,0,0,white
9388314.147,4.22447,3.79047,0,0,white
9388330.814,4.21007,3.77991,0,0,white
9388347.481,4.1951,3.77028,0,0,white
9388364.147,4.18625,3.75658,0,0,white
9388380.814,4.17653,3.75462,0,0,white
9388397.481,4.16338,3.74937,0,0,white
9388414.147,4.15477,3.73477,0,0,white
9388430.814,4.14447,3.7281,0,0,white
9388447.481,4.13748,3.7258,0,0,white
9388464.147,4.12961,3.71417,0,0,white
9388480.814,4.12372,3.71616,0,0,white
9388497.481,4.11646,3.7079,0,0,white
9388514.147,4.1035,3.7012,0,0,white
9388530.814,4.09343,3.70164,0,0,white
9388547.481,4.09431,3.69513,0,0,white
9388564.147,4.07808,3.68437,0,0,white
9388580.814,4.07602,3.67889,0,0,white
9388597.481,4.06281,3.67892,0,0,white
9388614.147,4.05357,3.67131,0,0,white
9388630.814,4.05298,3.67128,0,0,white
9388647.481,4.04095,3.65813,0,0,white
9388664.147,4.03575,3.65459,0,0,white
9388680.814,4.02916,3.64731,0,0,white
9388697.481,4.02162,3.64285,0,0,white
9388714.147,4.01405,3.63434,0,0,white
9388730.814,4.00633,3.62717,0,0,white
9388747.481,4.00014,3.62062,0,0,white
9388764.147,3.99017,3.62169,0,0,white
9388780.814,3.9727,3.61461,0,0,white
9388797.481,3.96545,3.61404,0,0,white
9388814.147,3.96252,3.60922,0,0,white
9388830.814,3.95525,3.60703,0,0,white
9388847.481,3.95595,3.60371,0,0,white
9388864.147,3.95601,3.60229,0,0,white
9388880.814,3.95,3.59857,0,0,white
9388897.481,3.95209,3.60153,0,0,white
9388914.147,3.94963,3.59979,0,0,white
9388930.814,3.94994,3.60303,0,0,white
9388947.481,3.95145,3.60262,0,0,white
9388964.147,3.95386,3.60504,0,0,white
9388980.814,3.95912,3.60925,0,0,white
9388997.481,3.96022,3.61087,0,0,white
9389014.147,3.96088,3.61855,0,0,white
9389030.814,3.96718,3.62903,0,0,white
9389047.481,3.9722,3.63287,0,0,white
9389064.147,3.9809,3.6479,0,0,white
9389080.814,3.98225,3.66034,0,0,white
9389097.481,3.9857,3.6615,0,0,white
9389114.147,3.9987,3.67079,0,0,white
9389130.814,4.00708,3.67401,0,0,white
9389147.481,4.01765,3.68527,0,0,white
9389164.147,4.03314,3.69576,0,0,white
9389180.814,4.04442,3.70851,0,0,white
9389197.481,4.05998,3.71696,0,0,white
9389214.147,4.07057,3.73026,0,0,white
9389230.814,4.08284,3.7429,0,0,white
9389247.481,4.10043,3.75421,0,0,white
9389264.147,4.11525,3.76376,0,0,white
9389280.814,4.13095,3.7731,0,0,white
9389297.481,4.14395,3.78209,0,0,white
9389314.147,4.15807,3.79193,0,0,white
9389330.814,4.17188,3.80679,0,0,white
9389347.481,4.18484,3.81178,0,0,white
9389364.147,4.1946,3.83037,0,0,white
9389380.814,4.20352,3.83783,0,0,white
9389397.481,4.21736,3.84329,0,0,white
9389414.147,4.22466,3.85635,0,0,white
9389430.814,4.23689,3.86253,0,0,white
9389447.481,4.24489,3.87233,0,0,white
9389464.147,4.25697,3.87669,0,0,white
9389480.814,4.26312,3.88779,0,0,white
9389497.481,4.27791,3.88606,0,0,white
9389514.147,4.28558,3.90198,0,0,white
9389530.814,4.2977,3.90907,0,0,white
9389547.481,4.3046,3.91898,0,0,white
9389564.147,4.31691,3.92979,0,0,white
9389580.814,4.32812,3.93306,0,0,white
9389597.481,4.33751,3.93791,0,0,white
9389614.147,4.35132,3.9433,0,0,white
9389630.814,4.36026,3.951,0,0,white
9389647.481,4.36789,3.95003,0,0,white
9389664.147,4.377,3.96165,0,0,white
9389680.814,4.38306,3.95576,0,0,white
9389697.481,4.3903,3.97145,0,0,white
9389714.147,4.3968,3.96471,0,0,white
9389730.814,4.40105,3.97173,0,0,white
9389747.481,4.40451,3.96906,0,0,white
9389764.147,4.40802,3.9767,0,0,white
9389780.814,4.4106,3.96765,0,0,white
9389797.481,4.41042,3.98846,0,0,white
9389814.147,4.40408,3.99442,0,0,white
9389830.814,4.40427,3.98782,0,0,white
9389847.481,4.40474,3.99223,0,0,white
9389864.147,4.401,3.98721,0,0,white
9389880.814,4.39507,3.98671,0,0,white
9389897.481,4.39468,3.98001,0,0,white
9389914.147,4.39061,3.9836,0,0,white
9389930.814,4.38983,3.97726,0,0,white
9389947.481,4.38829,3.98451,0,0,white
9389964.147,4.38731,3.9774,0,0,white
9389980.814,4.38632,3.98088,0,0,white
9389997.481,4.38953,3.97815,0,0,white
9390014.147,4.38525,3.97653,0,0,white
9390030.814,4.39041,3.97469,0,0,white
9390047.481,4.39175,3.98581,0,0,white
9390064.147,4.39729,3.97108,0,0,white
9390080.814,4.4037,3.98108,0,0,white
9390097.481,4.40591,3.9792,0,0,white
9390114.147,4.41005,3.98746,0,0,white
9390130.814,4.41682,3.97871,0,0,white
9390147.481,4.42438,3.99785,0,0,white
9390164.147,4.43124,3.98936,0,0,white
9390180.814,4.43515,3.99973,0,0,white
9390197.481,4.45355,4.0031,0,0,white
9390214.147,4.45869,4.00273,0,0,white
9390230.814,4.45828,4.00603,0,0,white
9390247.481,4.4648,4.01048,0,0,white
9390264.147,4.46553,4.01227,0,0,white
9390280.814,4.46997,4.01733,0,0,white
9390297.481,4.47742,4.01649,0,0,white
9390314.147,4.47955,4.01649,0,0,white
9390330.814,4.48035,4.01851,0,0,white
9390347.481,4.47795,4.02164,0,0,white
9390364.147,4.47816,4.00917,0,0,white
9390380.814,4.49948,4.01501,0,0,white
9390397.481,4.50076,4.01515,0,0,white
9390414.147,4.47549,4.00134,0,0,white
9390430.814,4.47807,3.99983,0,0,white
9390447.481,4.47441,3.99594,0,0,white
9390464.147,4.47728,3.99825,0,0,white
9390480.814,4.47815,4.00058,0,0,white
9390497.481,4.47937,4.00084,0,0,white
9390514.147,4.48233,3.99765,0,0,white
9390530.814,4.48756,4.00171,0,0,white
9390547.481,4.49126,4.00502,0,0,white
9390564.147,4.49612,4.00969,0,0,white
9390580.814,4.50041,4.01202,0,0,white
9390597.481,4.50761,4.01357,0,0,white
9390614.147,4.51366,4.02142,0,0,white
9390630.814,4.5218,4.0231,0,0,white
9390647.481,4.52515,4.02928,0,0,white
9390664.147,4.53035,4.02974,0,0,white
9390680.814,4.53336,4.03537,0,0,white
9390697.481,4.56688,4.06519,0,0,white
9390714.147,4.54358,4.07181,0,0,white
9390730.814,4.54169,4.06985,0,0,white
9390747.481,4.54836,4.06941,0,0,white
9390764.147,4.54309,4.06857,0,0,white
9390780.814,4.53903,4.06323,0,0,white
9390797.481,4.53148,4.05937,0,0,white
9390814.147,4.52614,4.05727,0,0,white
9390830.814,4.52139,4.05023,0,0,white
9390847.481,4.51526,4.04501,0,0,white
9390864.147,4.50809,4.0424,0,0,white
9390880.814,4.50288,4.03775,0,0,white
9390897.481,4.50572,4.02933,0,0,white
9390914.147,4.49927,4.02562,0,0,white
9390930.814,4.49271,4.01758,0,0,white
9390947.481,4.49016,4.01189,0,0,white
9390964.147,4.48839,4.00737,0,0,white
9390980.814,4.48497,4.00677,0,0,white
9390997.481,4.48703,4.00334,0,0,white
9391014.147,4.48398,4.00487,0,0,white
9391030.814,4.48572,3.99765,0,0,white
9391047.481,4.49274,4.00534,0,0,white
9391064.147,4.50194,4.00317,0,0,white
9391080.814,4.4968,4.00365,0,0,white
9391097.481,4.50404,4.0011,0,0,white
9391114.147,4.51244,4.00211,0,0,white
9391130.814,4.51703,4.01178,0,0,white
9391147.481,4.52214,4.01785,0,0,white
9391164.147,4.5321,4.01639,0,0,white
9391180.814,4.53728,4.02422,0,0,white
9391197.481,4.54576,4.02483,0,0,white
9391214.147,4.55208,4.03496,0,0,white
9391230.814,4.56664,4.03468,0,0,white
9391247.481,4.56825,4.04823,0,0,white
9391264.147,4.56989,4.04517,0,0,white
9391280.814,4.57613,4.04659,0,0,white
9391297.481,4.5798,4.05035,0,0,white
9391314.147,4.57614,4.05611,0,0,white
9391330.814,4.57884,4.05162,0,0,white
9391347.481,4.57759,4.04907,0,0,white
9391364.147,4.57915,4.04663,0,0,white
9391380.814,4.57358,4.04306,0,0,white
9391397.481,4.56973,4.03581,0,0,white
9391414.147,4.55862,4.03677,0,0,white
9391430.814,4.55919,4.02267,0,0,white
9391447.481,4.55402,4.01353,0,0,white
9391464.147,4.54294,4.00914,0,0,white
9391480.814,4.53384,4.00023,0,0,white
9391497.481,4.52707,3.9984,0,0,white
9391514.147,4.51845,3.98543,0,0,white
9391530.814,4.5069,3.9828,0,0,white
9391547.481,4.49815,3.97523,0,0,white
9391564.147,4.48653,3.97005,0,0,white
9391580.814,4.48039,3.96155,0,0,white
9391597.481,4.46664,3.95882,0,0,white
9391614.147,4.46373,3.95081,0,0,white
9391630.814,4.45265,3.937,0,0,white
9391647.481,4.44214,3.92845,0,0,white
9391664.147,4.43158,3.92517,0,0,white
9391680.814,4.42137,3.91341,0,0,white
9391697.481,4.41118,3.91068,0,0,white
9391714.147,4.40039,3.89969,0,0,white
9391730.814,4.39189,3.89706,0,0,white
9391747.481,4.38142,3.88477,0,0,white
9391764.147,4.37303,3.88023,0,0,white
9391780.814,4.36392,3.87485,0,0,white
9391797.481,4.35435,3.86978,0,0,white
9391814.147,4.34488,3.86378,0,0,white
9391830.814,4.33952,3.86284,0,0,white
9391847.481,4.33177,3.84364,0,0,white
9391864.147,4.3246,3.83704,0,0,white
9391880.814,4.31361,3.83459,0,0,white
9391897.481,4.30522,3.83421,0,0,white
9391914.147,4.29654,3.84196,0,0,white
9391930.814,4.28575,3.83528,0,0,white
9391947.481,4.27783,3.82988,0,0,white
9391964.147,4.27451,3.82181,0,0,white
